work_qid,wikipedia_url
Q723020,https://en.wikipedia.org/wiki/11/22/63
Q212718,https://en.wikipedia.org/wiki/2061:_Odyssey_Three
Q4631472,https://en.wikipedia.org/wiki/2312_(novel)
Q223784,https://en.wikipedia.org/wiki/3001:_The_Final_Odyssey
Q4635159,https://en.wikipedia.org/wiki/334_(novel)
Q4646478,https://en.wikipedia.org/wiki/9tail_Fox
Q29831547,https://en.wikipedia.org/wiki/A_Borrowed_Man
Q1659714,https://en.wikipedia.org/wiki/A_Canticle_for_Leibowitz
Q586831,https://en.wikipedia.org/wiki/A_Case_of_Conscience
Q16385014,https://en.wikipedia.org/wiki/A_Child_Across_the_Sky
Q2759020,https://en.wikipedia.org/wiki/A_Civil_Campaign
Q300370,https://en.wikipedia.org/wiki/A_Clash_of_Kings
Q43625060,https://en.wikipedia.org/wiki/A_Closed_and_Common_Orbit
Q28306,https://en.wikipedia.org/wiki/A_Dance_with_Dragons
Q2292400,https://en.wikipedia.org/wiki/A_Deepness_in_the_Sky
Q105722561,https://en.wikipedia.org/wiki/A_Desolation_Called_Peace
Q4656557,https://en.wikipedia.org/wiki/A_Door_into_Ocean
Q1986393,https://en.wikipedia.org/wiki/A_Fall_of_Moondust
Q1764445,https://en.wikipedia.org/wiki/A_Feast_for_Crows
Q58221164,https://en.wikipedia.org/wiki/A_Fire_Upon_the_Deep
Q3404279,https://en.wikipedia.org/wiki/A_Fire_in_the_Sun
Q1751870,https://en.wikipedia.org/wiki/A_Game_of_Thrones
Q111915309,https://en.wikipedia.org/wiki/A_Master_of_Djinn
Q82566838,https://en.wikipedia.org/wiki/A_Memory_Called_Empire
Q4658233,https://en.wikipedia.org/wiki/A_Midsummer_Tempest
Q4003931,https://en.wikipedia.org/wiki/A_Million_Open_Doors
Q4327818,https://en.wikipedia.org/wiki/A_Night_in_the_Lonesome_October
Q780585,https://en.wikipedia.org/wiki/A_Planet_Called_Treason
Q96371325,https://en.wikipedia.org/wiki/A_Rose_for_Armageddon
Q1198489,https://en.wikipedia.org/wiki/A_Scanner_Darkly
Q95996827,https://en.wikipedia.org/wiki/A_Song_for_a_New_Day
Q431927,https://en.wikipedia.org/wiki/A_Storm_of_Swords
Q4659971,https://en.wikipedia.org/wiki/A_Talent_for_War
Q2491758,https://en.wikipedia.org/wiki/A_Time_of_Changes
Q4660767,https://en.wikipedia.org/wiki/A_Woman_of_the_Iron_People
Q3997040,https://en.wikipedia.org/wiki/A_World_Between
Q17000766,https://en.wikipedia.org/wiki/Abaddon%27s_Gate
Q3090152,https://en.wikipedia.org/wiki/Absolution_Gap
Q2300209,https://en.wikipedia.org/wiki/Accelerando
Q16824659,https://en.wikipedia.org/wiki/Acceptance_(novel)
Q4676501,https://en.wikipedia.org/wiki/Across_the_Sea_of_Suns
Q85740021,https://en.wikipedia.org/wiki/After_Atlas
Q97452915,https://en.wikipedia.org/wiki/Against_Infinity
Q4691060,https://en.wikipedia.org/wiki/Against_a_Dark_Background
Q4691072,https://en.wikipedia.org/wiki/Against_the_Day
Q30668227,https://en.wikipedia.org/wiki/Agency_(novel)
Q4697707,https://en.wikipedia.org/wiki/Air_(novel)
Q132717446,https://en.wikipedia.org/wiki/Alien_Clay
Q17173494,https://en.wikipedia.org/wiki/Alien_Earth_(novel)
Q64167557,https://en.wikipedia.org/wiki/Alif_the_Unseen
Q16271791,https://en.wikipedia.org/wiki/All_Flesh_is_Grass_(novel)
Q900595,https://en.wikipedia.org/wiki/All_Tomorrow%27s_Parties_(novel)
Q29469803,https://en.wikipedia.org/wiki/All_the_Birds_in_the_Sky
Q3535595,https://en.wikipedia.org/wiki/All_the_Weyrs_of_Pern
Q1170644,https://en.wikipedia.org/wiki/Altered_Carbon
Q4677090,https://en.wikipedia.org/wiki/Always_Coming_Home
Q430514,https://en.wikipedia.org/wiki/American_Gods
Q692102,https://en.wikipedia.org/wiki/Amnesia_Moon
Q2269230,https://en.wikipedia.org/wiki/Among_Others
Q487364,https://en.wikipedia.org/wiki/Anathem
Q4752917,https://en.wikipedia.org/wiki/Ancient_Shores
Q17001721,https://en.wikipedia.org/wiki/Ancillary_Justice
Q18003141,https://en.wikipedia.org/wiki/Ancillary_Mercy
Q17989172,https://en.wikipedia.org/wiki/Ancillary_Sword
Q4753290,https://en.wikipedia.org/wiki/And_Chaos_Died
Q16961640,https://en.wikipedia.org/wiki/Annihilation_(VanderMeer_novel)
Q2917970,https://en.wikipedia.org/wiki/Anno_Dracula
Q3459064,https://en.wikipedia.org/wiki/Antarctica_(novel)
Q4777990,https://en.wikipedia.org/wiki/Anvil_of_Stars
Q2076975,https://en.wikipedia.org/wiki/Araminta_Station
Q85742917,https://en.wikipedia.org/wiki/Ariosto_(novel)
Q2861420,https://en.wikipedia.org/wiki/Aristoi_(novel)
Q4791614,https://en.wikipedia.org/wiki/Ark_(novel)
Q3231336,https://en.wikipedia.org/wiki/Ashes_of_Victory
Q4808643,https://en.wikipedia.org/wiki/Assemblers_of_Infinity
Q100710210,https://en.wikipedia.org/wiki/Atlas_Alone
Q97357253,https://en.wikipedia.org/wiki/Aurelia_(novel)
Q20856830,https://en.wikipedia.org/wiki/Aurora_(novel)
Q16835895,https://en.wikipedia.org/wiki/Authority_(novel)
Q69527499,https://en.wikipedia.org/wiki/Autonomous_(novel)
Q1078499,https://en.wikipedia.org/wiki/Axis_(novel)
Q114310172,"https://en.wikipedia.org/wiki/Babel,_or_the_Necessity_of_Violence"
Q2722309,https://en.wikipedia.org/wiki/Babel-17
Q22074947,https://en.wikipedia.org/wiki/Babylon%27s_Ashes
Q798732,https://en.wikipedia.org/wiki/Bad_Monkeys
Q117148972,https://en.wikipedia.org/wiki/Bannerless
Q2419894,https://en.wikipedia.org/wiki/Barrayar
Q4880453,https://en.wikipedia.org/wiki/Beggars_Ride
Q4880455,https://en.wikipedia.org/wiki/Beggars_and_Choosers_(novel)
Q850150,https://en.wikipedia.org/wiki/Beggars_in_Spain
Q2891748,https://en.wikipedia.org/wiki/Bellwether_(novel)
Q4899208,https://en.wikipedia.org/wiki/Between_the_Strokes_of_Night
Q108439991,https://en.wikipedia.org/wiki/Bewilderment
Q4899922,https://en.wikipedia.org/wiki/Beyond_Apollo
Q538742,https://en.wikipedia.org/wiki/Beyond_the_Blue_Event_Horizon
Q117443239,https://en.wikipedia.org/wiki/Biography_of_X
Q803910,https://en.wikipedia.org/wiki/Bios_(novel)
Q4917091,https://en.wikipedia.org/wiki/Birthright:_The_Book_of_Man
Q4920715,https://en.wikipedia.org/wiki/Black_Easter
Q2905406,https://en.wikipedia.org/wiki/Black_Man_(novel)
Q116693001,https://en.wikipedia.org/wiki/Black_Water_Sister
Q17002323,https://en.wikipedia.org/wiki/Blackout_(Grant_novel)
Q2906615,https://en.wikipedia.org/wiki/Blind_Lake_(novel)
Q55605603,https://en.wikipedia.org/wiki/Blind_Voices
Q2511421,https://en.wikipedia.org/wiki/Blindsight_(Watts_novel)
Q1059371,https://en.wikipedia.org/wiki/Blood_Music_(novel)
Q4928148,https://en.wikipedia.org/wiki/Bloom_(novel)
Q3697826,https://en.wikipedia.org/wiki/Blue_Remembered_Earth
Q4941511,https://en.wikipedia.org/wiki/Bone_Dance
Q107056688,https://en.wikipedia.org/wiki/Bone_Silence
Q3886715,https://en.wikipedia.org/wiki/Bones_of_the_Earth
Q2910027,https://en.wikipedia.org/wiki/Boneshaker_(novel)
Q122452562,https://en.wikipedia.org/wiki/Borderline_(novel)
Q30608684,https://en.wikipedia.org/wiki/Borne_(novel)
Q4180242,https://en.wikipedia.org/wiki/Boy%27s_Life_(novel)
Q4957980,https://en.wikipedia.org/wiki/Brasyl
Q4965778,https://en.wikipedia.org/wiki/Briar_Rose_(novel)
Q29468815,https://en.wikipedia.org/wiki/Brightness_Falls_from_the_Air
Q3088925,https://en.wikipedia.org/wiki/Brightness_Reef
Q21588124,https://en.wikipedia.org/wiki/Brittle_Innings
Q97656902,https://en.wikipedia.org/wiki/Broken_Symmetries
Q48998756,https://en.wikipedia.org/wiki/Brother_Termite
Q2421826,https://en.wikipedia.org/wiki/Brothers_in_Arms_(Bujold_novel)
Q4984887,https://en.wikipedia.org/wiki/Buddy_Holly_Is_Alive_and_Well_on_Ganymede
Q3157123,https://en.wikipedia.org/wiki/Bug_Jack_Barron
Q127514388,https://en.wikipedia.org/wiki/Cahokia_Jazz
Q2933712,https://en.wikipedia.org/wiki/Calculating_God
Q5019811,https://en.wikipedia.org/wiki/Caliban%27s_War
Q2240456,https://en.wikipedia.org/wiki/Camouflage_(novel)
Q5031940,https://en.wikipedia.org/wiki/Candle_(novel)
Q5036850,https://en.wikipedia.org/wiki/Captain_Vorpatril%27s_Alliance
Q25217435,https://en.wikipedia.org/wiki/Carnival_(Bear_novel)
Q3205133,https://en.wikipedia.org/wiki/Carrion_Comfort
Q41359,https://en.wikipedia.org/wiki/Cat%27s_Cradle
Q5054488,https://en.wikipedia.org/wiki/Cauldron_(McDevitt_novel)
Q5063196,https://en.wikipedia.org/wiki/Century_Rain
Q2253255,https://en.wikipedia.org/wiki/Cetaganda
Q48813319,https://en.wikipedia.org/wiki/Chaga_(McDonald_novel)
Q282814,https://en.wikipedia.org/wiki/Chapterhouse:_Dune
Q1068060,https://en.wikipedia.org/wiki/Chasm_City
Q5097878,https://en.wikipedia.org/wiki/Child_of_Fortune
Q437365,https://en.wikipedia.org/wiki/Children_of_Dune
Q5098442,https://en.wikipedia.org/wiki/Children_of_God_(novel)
Q2608698,https://en.wikipedia.org/wiki/Children_of_the_Mind
Q15033985,https://en.wikipedia.org/wiki/Children_of_the_Thunder
Q5099787,https://en.wikipedia.org/wiki/China_Mountain_Zhang
Q5100334,https://en.wikipedia.org/wiki/Chindi_(novel)
Q5113944,https://en.wikipedia.org/wiki/Chronic_City
Q4501974,https://en.wikipedia.org/wiki/Chthon_(novel)
Q19610145,https://en.wikipedia.org/wiki/Cibola_Burn
Q56353084,https://en.wikipedia.org/wiki/Circumpolar!
Q5123535,https://en.wikipedia.org/wiki/City_at_the_End_of_Time
Q444451,https://en.wikipedia.org/wiki/City_of_Golden_Shadow
Q5123861,https://en.wikipedia.org/wiki/City_of_Pearl
Q3207474,https://en.wikipedia.org/wiki/City_of_Sorcery
Q56046005,https://en.wikipedia.org/wiki/City_of_Stairs
Q3209704,https://en.wikipedia.org/wiki/City_on_Fire_(Williams_novel)
Q23307323,https://en.wikipedia.org/wiki/Clay%27s_Ark
Q40205,https://en.wikipedia.org/wiki/Cloud_Atlas_(novel)
Q110552625,https://en.wikipedia.org/wiki/Cloud_Cuckoo_Land_(novel)
Q5137866,https://en.wikipedia.org/wiki/Coalescent
Q5140010,https://en.wikipedia.org/wiki/Code_Blue_%E2%80%93_Emergency
Q5140094,https://en.wikipedia.org/wiki/Code_of_the_Lifemaker
Q18816070,https://en.wikipedia.org/wiki/Coming_Home_(McDevitt_novel)
Q5162401,https://en.wikipedia.org/wiki/Conqueror_(Baxter_novel)
Q741013,https://en.wikipedia.org/wiki/Contact_(novel)
Q5173054,https://en.wikipedia.org/wiki/Corrupting_Dr._Nice
Q5174346,https://en.wikipedia.org/wiki/Cosmonaut_Keep
Q2384854,https://en.wikipedia.org/wiki/Count_Zero
Q18149437,https://en.wikipedia.org/wiki/Countdown_City
Q5177140,https://en.wikipedia.org/wiki/Counting_Heads
Q3363230,https://en.wikipedia.org/wiki/Courtship_Rite
Q5180039,https://en.wikipedia.org/wiki/Coyote_(novel)
Q130565185,https://en.wikipedia.org/wiki/Creation_Node
Q3005722,https://en.wikipedia.org/wiki/Cryoburn
Q534975,https://en.wikipedia.org/wiki/Cryptonomicon
Q5191354,https://en.wikipedia.org/wiki/Crystal_Singer
Q3205842,https://en.wikipedia.org/wiki/Cuckoo%27s_Egg_(book)
Q356107,https://en.wikipedia.org/wiki/Cyteen
Q5223299,https://en.wikipedia.org/wiki/Dark_Light_(novel)
Q3224655,https://en.wikipedia.org/wiki/Dark_Universe_(novel)
Q3790816,https://en.wikipedia.org/wiki/Darwin%27s_Children
Q2246747,https://en.wikipedia.org/wiki/Darwin%27s_Radio
Q3016630,https://en.wikipedia.org/wiki/Darwinia_(novel)
Q3019177,https://en.wikipedia.org/wiki/Davy_(novel)
Q5243102,https://en.wikipedia.org/wiki/Daybreak_Zero
Q5243636,https://en.wikipedia.org/wiki/Dayworld
Q5245583,https://en.wikipedia.org/wiki/Deadline_(Grant_novel)
Q607511,https://en.wikipedia.org/wiki/Death%27s_End
Q5249488,https://en.wikipedia.org/wiki/Declare
Q115940972,https://en.wikipedia.org/wiki/Deep_Roots_(novel)
Q19364507,https://en.wikipedia.org/wiki/Deepsix
Q5256189,https://en.wikipedia.org/wiki/Demon_(novel)
Q5265228,https://en.wikipedia.org/wiki/Destiny%27s_Road
Q3706366,https://en.wikipedia.org/wiki/Dhalgren
Q3565822,https://en.wikipedia.org/wiki/Diaspora_(novel)
Q3795023,https://en.wikipedia.org/wiki/Dinner_at_Deviant%27s_Palace
Q3149129,https://en.wikipedia.org/wiki/Diplomatic_Immunity_(novel)
Q5280467,https://en.wikipedia.org/wiki/Directive_51_(novel)
Q43569582,https://en.wikipedia.org/wiki/Dissidence_(novel)
Q3205332,https://en.wikipedia.org/wiki/Distress_(novel)
Q605249,https://en.wikipedia.org/wiki/Do_Androids_Dream_of_Electric_Sheep%3F
Q2603313,https://en.wikipedia.org/wiki/Doomsday_Book_(novel)
Q664034,https://en.wikipedia.org/wiki/Doorways_in_the_Sand
Q945382,https://en.wikipedia.org/wiki/Double_Star
Q5302472,https://en.wikipedia.org/wiki/Dover_Beach_(novel)
Q3015406,https://en.wikipedia.org/wiki/Down_and_Out_in_the_Magic_Kingdom
Q1751584,https://en.wikipedia.org/wiki/Downbelow_Station
Q2113191,https://en.wikipedia.org/wiki/Dr._Adder
Q1317915,"https://en.wikipedia.org/wiki/Dr._Bloodmoney,_or_How_We_Got_Along_After_the_Bomb"
Q3205839,https://en.wikipedia.org/wiki/Dragon%27s_Egg
Q3235696,https://en.wikipedia.org/wiki/Dragondrums
Q2976056,https://en.wikipedia.org/wiki/Dragonquest
Q2737699,https://en.wikipedia.org/wiki/Dragonsdawn
Q3207217,https://en.wikipedia.org/wiki/Dragonsinger
Q4394822,https://en.wikipedia.org/wiki/Drawing_Blood
Q5306348,https://en.wikipedia.org/wiki/Dream_Dancer
Q5306426,https://en.wikipedia.org/wiki/Dream_Park
Q5306607,https://en.wikipedia.org/wiki/Dreaming_Metal
Q598315,https://en.wikipedia.org/wiki/Dreamsnake
Q190192,https://en.wikipedia.org/wiki/Dune_(novel)
Q2916242,https://en.wikipedia.org/wiki/Dying_Inside
Q135165,https://en.wikipedia.org/wiki/Dying_of_the_Light_(Martin_novel)
Q3518604,https://en.wikipedia.org/wiki/Earth_(Brin_novel)
Q5327095,https://en.wikipedia.org/wiki/Earth_Made_of_Glass
Q5330486,https://en.wikipedia.org/wiki/Eastern_Standard_Tribe
Q5331267,https://en.wikipedia.org/wiki/Eater_(novel)
Q2910240,https://en.wikipedia.org/wiki/Ecce_and_Old_Earth
Q24255737,https://en.wikipedia.org/wiki/Echopraxia_(novel)
Q1283523,https://en.wikipedia.org/wiki/Eden_(Lem_novel)
Q5348867,https://en.wikipedia.org/wiki/Eifelheim
Q5349776,https://en.wikipedia.org/wiki/Einstein%27s_Bridge_(novel)
Q5368262,https://en.wikipedia.org/wiki/Elvissey
Q55231789,https://en.wikipedia.org/wiki/Elysium_Fire
Q3052025,https://en.wikipedia.org/wiki/Embassytown
Q5370535,https://en.wikipedia.org/wiki/Emergence_(Palmer_novel)
Q5373863,https://en.wikipedia.org/wiki/Emperor_(Baxter_novel)
Q816016,https://en.wikipedia.org/wiki/Ender%27s_Game
Q2746500,https://en.wikipedia.org/wiki/Ender%27s_Shadow
Q2656138,https://en.wikipedia.org/wiki/Endymion_(Simmons_novel)
Q5377672,https://en.wikipedia.org/wiki/Engine_City_(novel)
Q5377731,https://en.wikipedia.org/wiki/Engine_Summer
Q1055813,https://en.wikipedia.org/wiki/Eon_(novel)
Q2252121,https://en.wikipedia.org/wiki/Eternity_(novel)
Q5402793,https://en.wikipedia.org/wiki/Eternity_Road_(novel)
Q41094135,https://en.wikipedia.org/wiki/Europe_in_Winter
Q39053152,https://en.wikipedia.org/wiki/Evening%27s_Empires
Q3592822,https://en.wikipedia.org/wiki/Evolution_(Baxter_novel)
Q74362,https://en.wikipedia.org/wiki/Excession
Q3016940,https://en.wikipedia.org/wiki/Expiration_Date_(Powers_novel)
Q5422501,https://en.wikipedia.org/wiki/Exultant_(novel)
Q5422666,https://en.wikipedia.org/wiki/Eye_of_Cat
Q5422835,https://en.wikipedia.org/wiki/Eyes_of_the_Calculor
Q65043785,"https://en.wikipedia.org/wiki/Fall;_or,_Dodge_in_Hell"
Q2703898,https://en.wikipedia.org/wiki/Falling_Free
Q111604570,https://en.wikipedia.org/wiki/Far_from_the_Light_of_Heaven
Q129321723,https://en.wikipedia.org/wiki/Farewell_Horizontal
Q5436486,https://en.wikipedia.org/wiki/Farthing_(novel)
Q20926301,https://en.wikipedia.org/wiki/Fate_of_Worlds
Q5441171,https://en.wikipedia.org/wiki/Feed_(Grant_novel)
Q5441458,https://en.wikipedia.org/wiki/Feersum_Endjinn
Q2915854,https://en.wikipedia.org/wiki/Fevre_Dream
Q5447634,https://en.wikipedia.org/wiki/Fifty_Degrees_Below
Q55611649,https://en.wikipedia.org/wiki/The_Final_Encyclopedia
Q3745649,https://en.wikipedia.org/wiki/Finch_(novel)
Q5450418,https://en.wikipedia.org/wiki/Finity%27s_End
Q1239229,https://en.wikipedia.org/wiki/Fire_Time
Q5451628,https://en.wikipedia.org/wiki/Fire_on_the_Mountain_(Bisson_novel)
Q5451887,https://en.wikipedia.org/wiki/Firelord_(novel)
Q828031,https://en.wikipedia.org/wiki/Firestarter_(novel)
Q5458712,https://en.wikipedia.org/wiki/Flesh_and_Fire
Q5460012,https://en.wikipedia.org/wiki/Flood_(Baxter_novel)
Q874492,"https://en.wikipedia.org/wiki/Flow_My_Tears,_the_Policeman_Said"
Q4015958,https://en.wikipedia.org/wiki/Fool%27s_Run
Q2652159,https://en.wikipedia.org/wiki/Footfall
Q2678988,"https://en.wikipedia.org/wiki/For_Us,_the_Living"
Q3210024,https://en.wikipedia.org/wiki/Forever_Free_(novel)
Q9183865,https://en.wikipedia.org/wiki/Forever_Peace
Q5472993,https://en.wikipedia.org/wiki/Forty_Signs_of_Rain
Q3790023,https://en.wikipedia.org/wiki/Forty_Thousand_in_Gehenna
Q1050014,https://en.wikipedia.org/wiki/Foundation_and_Earth
Q932592,https://en.wikipedia.org/wiki/Foundation%27s_Edge
Q5476126,https://en.wikipedia.org/wiki/Fourth_Mansions
Q85761958,https://en.wikipedia.org/wiki/Frankissstein
Q5499909,https://en.wikipedia.org/wiki/Free_Live_Free
Q1641639,https://en.wikipedia.org/wiki/Friday_(novel)
Q4198261,https://en.wikipedia.org/wiki/From_the_Dust_Returned
Q5505649,https://en.wikipedia.org/wiki/From_the_Files_of_the_Time_Rangers
Q16385762,https://en.wikipedia.org/wiki/From_the_Teeth_of_Angels
Q5516961,https://en.wikipedia.org/wiki/Gaia%27s_Toys
Q15987819,https://en.wikipedia.org/wiki/Galileo%27s_Dream
Q441055,https://en.wikipedia.org/wiki/Gardens_of_the_Moon
Q5522495,https://en.wikipedia.org/wiki/Gardens_of_the_Sun
Q651682,https://en.wikipedia.org/wiki/Gateway_(novel)
Q79557367,https://en.wikipedia.org/wiki/Gideon_the_Ninth
Q3929314,https://en.wikipedia.org/wiki/Girl_in_Landscape
Q2027568,https://en.wikipedia.org/wiki/Glasshouse_(novel)
Q3109139,https://en.wikipedia.org/wiki/Gloriana_(novel)
Q2538455,https://en.wikipedia.org/wiki/Glory_Road
Q3209843,https://en.wikipedia.org/wiki/Glory_Season
Q96379623,https://en.wikipedia.org/wiki/Gnomon_(novel)
Q401619,https://en.wikipedia.org/wiki/God_Emperor_of_Dune
Q77430126,https://en.wikipedia.org/wiki/Gods_of_Jade_and_Shadow
Q516848,https://en.wikipedia.org/wiki/Gods_of_Riverworld
Q12964319,https://en.wikipedia.org/wiki/Godspeed_(Sheffield_novel)
Q595128,https://en.wikipedia.org/wiki/Going_Postal
Q5577739,"https://en.wikipedia.org/wiki/Going,_Going,_Gone_(novel)"
Q19263643,https://en.wikipedia.org/wiki/Golden_Son
Q97355160,https://en.wikipedia.org/wiki/Golden_Witchbreed
Q5580438,https://en.wikipedia.org/wiki/Golem100
Q111442660,https://en.wikipedia.org/wiki/Goliath_(Onyebuchi_novel)
Q65074348,https://en.wikipedia.org/wiki/Good_News_From_Outer_Space
Q1052459,https://en.wikipedia.org/wiki/Good_Omens
Q3433346,https://en.wikipedia.org/wiki/Grass_(novel)
Q1212160,https://en.wikipedia.org/wiki/Gravity%27s_Rainbow
Q3209553,https://en.wikipedia.org/wiki/Great_Sky_River_(novel)
Q3880662,https://en.wikipedia.org/wiki/Green_Eyes_(novel)
Q3686127,"https://en.wikipedia.org/wiki/Gun,_with_Occasional_Music"
Q5636343,https://en.wikipedia.org/wiki/Ha%27penny_(novel)
Q5641738,https://en.wikipedia.org/wiki/Half_Past_Human
Q15035002,https://en.wikipedia.org/wiki/Half_a_Crown_(novel)
Q5643614,https://en.wikipedia.org/wiki/Halting_State
Q3009663,https://en.wikipedia.org/wiki/Hardwired_(novel)
Q5663569,https://en.wikipedia.org/wiki/Harpist_in_the_Wind
Q100773938,https://en.wikipedia.org/wiki/Harrow_the_Ninth
Q46751,https://en.wikipedia.org/wiki/Harry_Potter_and_the_Goblet_of_Fire
Q47598,https://en.wikipedia.org/wiki/Harry_Potter_and_the_Prisoner_of_Azkaban
Q1213656,https://en.wikipedia.org/wiki/Have_Space_Suit%E2%80%94Will_Travel
Q1760824,https://en.wikipedia.org/wiki/Hawkmistress!
Q5692425,https://en.wikipedia.org/wiki/Heart_of_the_Comet
Q5695215,https://en.wikipedia.org/wiki/Heavy_Weather_(Sterling_novel)
Q751752,https://en.wikipedia.org/wiki/Heechee_Rendezvous
Q4355719,https://en.wikipedia.org/wiki/Helliconia_Spring
Q12729921,https://en.wikipedia.org/wiki/Helliconia_Summer
Q16651119,https://en.wikipedia.org/wiki/Helliconia_Winter
Q437353,https://en.wikipedia.org/wiki/Heretics_of_Dune
Q19874187,https://en.wikipedia.org/wiki/Hild_(novel)
Q2335394,https://en.wikipedia.org/wiki/His_Majesty%27s_Dragon
Q3222749,https://en.wikipedia.org/wiki/Holy_Fire_(novel)
Q28044007,https://en.wikipedia.org/wiki/Home_Fires_(novel)
Q19893167,https://en.wikipedia.org/wiki/Homegoing_(Pohl_novel)
Q3736382,https://en.wikipedia.org/wiki/House_of_Suns
Q2468406,https://en.wikipedia.org/wiki/How_Few_Remain
Q5918654,https://en.wikipedia.org/wiki/How_to_Live_Safely_in_a_Science_Fictional_Universe
Q5936015,https://en.wikipedia.org/wiki/Hull_Zero_Three
Q107056141,https://en.wikipedia.org/wiki/Hummingbird_Salamander
Q16386156,https://en.wikipedia.org/wiki/Hunted_(Gardner_novel)
Q5944644,https://en.wikipedia.org/wiki/Hunter_of_Worlds
Q1798059,https://en.wikipedia.org/wiki/Hyperion_(Simmons_novel)
Q3233818,https://en.wikipedia.org/wiki/Icehenge
Q60839408,https://en.wikipedia.org/wiki/If_the_Stars_are_Gods
Q2725656,https://en.wikipedia.org/wiki/Ilium_(novel)
Q519935,"https://en.wikipedia.org/wiki/Immortality,_Inc."
Q6007321,https://en.wikipedia.org/wiki/Implied_Spaces
Q123358191,https://en.wikipedia.org/wiki/In_Ascension
Q48816299,https://en.wikipedia.org/wiki/In_Conquest_Born
Q15035526,https://en.wikipedia.org/wiki/In_the_Mouth_of_the_Whale
Q3015377,https://en.wikipedia.org/wiki/In_the_Ocean_of_Night
Q6014063,https://en.wikipedia.org/wiki/Incandescence_(novel)
Q4040445,https://en.wikipedia.org/wiki/Inferno_(Niven_and_Pournelle_novel)
Q16386338,https://en.wikipedia.org/wiki/Infinity_Beach
Q4863413,https://en.wikipedia.org/wiki/Infinity%27s_Shore
Q15035527,https://en.wikipedia.org/wiki/Intrusion_(novel)
Q1219705,https://en.wikipedia.org/wiki/Invisible_Cities
Q1748402,https://en.wikipedia.org/wiki/Iron_Council
Q2870553,https://en.wikipedia.org/wiki/Iron_Sunrise
Q109255097,https://en.wikipedia.org/wiki/Iron_Widow
Q3233629,https://en.wikipedia.org/wiki/Islands_in_the_Net
Q2077422,https://en.wikipedia.org/wiki/Isle_of_the_Dead_(Zelazny_novel)
Q602288,https://en.wikipedia.org/wiki/It_(novel)
Q3156335,https://en.wikipedia.org/wiki/Ivory:_A_Legend_of_Past_and_Future
Q3157174,https://en.wikipedia.org/wiki/Jack_Faust_(novel)
Q1989233,https://en.wikipedia.org/wiki/Jack_of_Shadows
Q65065481,https://en.wikipedia.org/wiki/Jade_City_(novel)
Q6154663,https://en.wikipedia.org/wiki/Janissaries_(novel)
Q1010653,https://en.wikipedia.org/wiki/Job:_A_Comedy_of_Justice
Q1474920,https://en.wikipedia.org/wiki/Jonathan_Strange_%26_Mr_Norrell
Q15731773,https://en.wikipedia.org/wiki/Julian_Comstock:_A_Story_of_22nd-Century_America
Q756866,https://en.wikipedia.org/wiki/Jurassic_Park_(novel)
Q579744,https://en.wikipedia.org/wiki/Kafka_on_the_Shore
Q15034501,https://en.wikipedia.org/wiki/Kaleidoscope_Century
Q6353404,https://en.wikipedia.org/wiki/Kalki_(novel)
Q2901992,https://en.wikipedia.org/wiki/Keeping_It_Real_(novel)
Q546785,https://en.wikipedia.org/wiki/Kiln_People
Q6411423,https://en.wikipedia.org/wiki/King_David%27s_Spaceship
Q105704813,https://en.wikipedia.org/wiki/Klara_and_the_Sun
Q6426705,https://en.wikipedia.org/wiki/Koko_(novel)
Q594567,https://en.wikipedia.org/wiki/Komarr
Q48815704,https://en.wikipedia.org/wiki/Lagoon_(novel)
Q610680,https://en.wikipedia.org/wiki/Last_Call_(novel)
Q6510209,https://en.wikipedia.org/wiki/Learning_the_World
Q114291824,https://en.wikipedia.org/wiki/Legends_%26_Lattes
Q107316509,https://en.wikipedia.org/wiki/Leviathan_Falls
Q6535598,https://en.wikipedia.org/wiki/Leviathan_Wakes
Q102076464,https://en.wikipedia.org/wiki/Lexicon_(novel)
Q6544117,https://en.wikipedia.org/wiki/Liege-Killer
Q6544767,https://en.wikipedia.org/wiki/Life_During_Wartime_(novel)
Q721,"https://en.wikipedia.org/wiki/Life,_the_Universe_and_Everything"
Q3838395,https://en.wikipedia.org/wiki/Light_(novel)
Q111914310,https://en.wikipedia.org/wiki/Light_from_Uncommon_Stars
Q6547848,https://en.wikipedia.org/wiki/Lilith:_A_Snake_in_the_Grass
Q6549446,https://en.wikipedia.org/wiki/Limit_of_Vision
Q6550348,https://en.wikipedia.org/wiki/Lincoln%27s_Dreams
Q6555310,https://en.wikipedia.org/wiki/Lion%27s_Blood
Q957123,https://en.wikipedia.org/wiki/Lisey%27s_Story
Q1865620,https://en.wikipedia.org/wiki/Little_Brother_(Doctorow_novel)
Q3233220,https://en.wikipedia.org/wiki/Little_Fuzzy
Q2906934,"https://en.wikipedia.org/wiki/Little,_Big"
Q18151875,https://en.wikipedia.org/wiki/Lock_In
Q884010,https://en.wikipedia.org/wiki/Look_to_Windward
Q6679480,https://en.wikipedia.org/wiki/Lord_Kelvin%27s_Machine
Q3221363,https://en.wikipedia.org/wiki/Lord_Valentine%27s_Castle
Q734976,https://en.wikipedia.org/wiki/Lord_of_Light
Q17102722,https://en.wikipedia.org/wiki/Lost_Everything
Q6690221,https://en.wikipedia.org/wiki/Love_%26_Sleep
Q30608520,https://en.wikipedia.org/wiki/Lovecraft_Country_(novel)
Q471741,https://en.wikipedia.org/wiki/Lucifer%27s_Hammer
Q62113776,https://en.wikipedia.org/wiki/Luna:_Moon_Rising
Q21065522,https://en.wikipedia.org/wiki/Luna:_New_Moon
Q24255710,https://en.wikipedia.org/wiki/Luna:_Wolf_Moon
Q6725637,https://en.wikipedia.org/wiki/Macroscope_(novel)
Q16204596,https://en.wikipedia.org/wiki/MaddAddam
Q6736735,https://en.wikipedia.org/wiki/Mainspring_(novel)
Q2469019,https://en.wikipedia.org/wiki/Making_Money
Q929165,https://en.wikipedia.org/wiki/Malevil
Q2377008,https://en.wikipedia.org/wiki/Man_Plus
Q3207044,https://en.wikipedia.org/wiki/Marooned_in_Realtime
Q3223347,https://en.wikipedia.org/wiki/Marrow_(novel)
Q6773115,https://en.wikipedia.org/wiki/Mars_Crossing
Q6780592,https://en.wikipedia.org/wiki/Mary_Reilly_(novel)
Q15139084,https://en.wikipedia.org/wiki/Mathematicians_in_Love
Q6787788,https://en.wikipedia.org/wiki/Matriarch_(novel)
Q684818,https://en.wikipedia.org/wiki/Matter_(novel)
Q96392366,https://en.wikipedia.org/wiki/Mayflies_(novel)
Q3305528,https://en.wikipedia.org/wiki/Memory_(Bujold_novel)
Q16386980,https://en.wikipedia.org/wiki/Merchanter%27s_Luck
Q3391713,https://en.wikipedia.org/wiki/Metropolitan_(novel)
Q99838669,https://en.wikipedia.org/wiki/Mexican_Gothic
Q6835650,https://en.wikipedia.org/wiki/Michaelmas_(novel)
Q96755535,https://en.wikipedia.org/wiki/Middlegame
Q15035019,https://en.wikipedia.org/wiki/Midnight_Robber
Q6842848,https://en.wikipedia.org/wiki/Midnight_at_the_Well_of_Souls
Q3314300,https://en.wikipedia.org/wiki/Millennium_(novel)
Q6863847,https://en.wikipedia.org/wiki/Mindkiller
Q2884527,https://en.wikipedia.org/wiki/Mirror_Dance
Q3204463,https://en.wikipedia.org/wiki/Mockingbird_(Tevis_novel)
Q104854337,https://en.wikipedia.org/wiki/Molly_Zero
Q663215,https://en.wikipedia.org/wiki/Mona_Lisa_Overdrive
Q85786245,https://en.wikipedia.org/wiki/Moonfall_(novel)
Q6907938,https://en.wikipedia.org/wiki/Moonseed_(novel)
Q23307134,https://en.wikipedia.org/wiki/Moonstar_Odyssey
Q845613,https://en.wikipedia.org/wiki/More_Than_Human
Q3208081,https://en.wikipedia.org/wiki/Moreta:_Dragonlady_of_Pern
Q2241505,https://en.wikipedia.org/wiki/Mother_of_Storms
Q3203183,https://en.wikipedia.org/wiki/Moving_Mars
Q17016080,https://en.wikipedia.org/wiki/My_Real_Children
Q1770433,https://en.wikipedia.org/wiki/Mythago_Wood
Q6980071,https://en.wikipedia.org/wiki/Native_Tongue_(Elgin_novel)
Q19894682,https://en.wikipedia.org/wiki/Nemesis_Games
Q18391798,https://en.wikipedia.org/wiki/Neptune%27s_Brood
Q122238085,https://en.wikipedia.org/wiki/Nettle_%26_Bone
Q100540380,https://en.wikipedia.org/wiki/Network_Effect_(novel)
Q662029,https://en.wikipedia.org/wiki/Neuromancer
Q951587,https://en.wikipedia.org/wiki/Never_Let_Me_Go_(novel)
Q29832584,https://en.wikipedia.org/wiki/New_York_2140
Q7020012,https://en.wikipedia.org/wiki/Newton%27s_Wake:_A_Space_Opera
Q2672307,https://en.wikipedia.org/wiki/Night_Lamp
Q7033462,https://en.wikipedia.org/wiki/Night_Sky_Mine
Q15034137,https://en.wikipedia.org/wiki/The_Nimrod_Hunt
Q56307799,https://en.wikipedia.org/wiki/Ninefox_Gambit
Q964451,https://en.wikipedia.org/wiki/No_Enemy_But_Time
Q7047624,https://en.wikipedia.org/wiki/Noir_(novel)
Q112787692,https://en.wikipedia.org/wiki/Nona_the_Ninth
Q111027604,https://en.wikipedia.org/wiki/Noor_(novel)
Q7050019,https://en.wikipedia.org/wiki/Nor_Crystal_Tears
Q7062211,https://en.wikipedia.org/wiki/Not_This_August
Q3345309,https://en.wikipedia.org/wiki/Nova_(novel)
Q3878987,https://en.wikipedia.org/wiki/Nova_Express
Q7064327,https://en.wikipedia.org/wiki/Nova_Swing
Q7074477,https://en.wikipedia.org/wiki/Oath_of_Fealty_(novel)
Q7077188,https://en.wikipedia.org/wiki/Od_Magic
Q7078419,https://en.wikipedia.org/wiki/Odyssey_(novel)
Q1339232,https://en.wikipedia.org/wiki/Old_Man%27s_War
Q2525080,https://en.wikipedia.org/wiki/Olympos_(novel)
Q5488966,https://en.wikipedia.org/wiki/Ombria_in_Shadow
Q5120959,https://en.wikipedia.org/wiki/Omega_(McDevitt_novel)
Q7091078,https://en.wikipedia.org/wiki/On_My_Way_to_Paradise
Q1660753,https://en.wikipedia.org/wiki/On_Stranger_Tides
Q3505071,https://en.wikipedia.org/wiki/On_Wings_of_Song_(novel)
Q16258116,https://en.wikipedia.org/wiki/On_the_Steel_Breeze
Q7091899,https://en.wikipedia.org/wiki/Once_a_Hero_(novel)
Q7094153,https://en.wikipedia.org/wiki/Only_Begotten_Daughter
Q7100063,https://en.wikipedia.org/wiki/Orbital_Resonance_(novel)
Q7100118,https://en.wikipedia.org/wiki/Orbitsville
Q6749555,https://en.wikipedia.org/wiki/Origin_(Baxter_novel)
Q7102801,https://en.wikipedia.org/wiki/Orion_Shall_Rise
Q60791951,https://en.wikipedia.org/wiki/Orphan_of_Creation
Q7103952,https://en.wikipedia.org/wiki/Orphans_of_Chaos
Q55627927,https://en.wikipedia.org/wiki/Osama_(novel)
Q738937,https://en.wikipedia.org/wiki/Our_Lady_of_Darkness
Q23307336,https://en.wikipedia.org/wiki/Out_on_Blue_Six_(novel)
Q16909156,https://en.wikipedia.org/wiki/Outside_the_Dog_Museum
Q942972,https://en.wikipedia.org/wiki/Paladin_of_Souls
Q7127548,https://en.wikipedia.org/wiki/Palimpsest_(novel)
Q3823447,https://en.wikipedia.org/wiki/Parable_of_the_Sower_(novel)
Q3211325,https://en.wikipedia.org/wiki/Parable_of_the_Talents_(novel)
Q17073283,https://en.wikipedia.org/wiki/Parasite_(Grant_novel)
Q3367818,https://en.wikipedia.org/wiki/Passage_(Willis_novel)
Q3224465,https://en.wikipedia.org/wiki/Past_Master_(novel)
Q2295976,https://en.wikipedia.org/wiki/Pattern_Recognition_(novel)
Q7160597,https://en.wikipedia.org/wiki/Pegasus_in_Flight
Q1143215,https://en.wikipedia.org/wiki/Perdido_Street_Station
Q7167954,https://en.wikipedia.org/wiki/Perfect_Circle_(novel)
Q459303,https://en.wikipedia.org/wiki/Perfume_(novel)
Q105476518,https://en.wikipedia.org/wiki/Perhaps_the_Stars
Q130284308,https://en.wikipedia.org/wiki/Perihelion_Summer
Q3375455,https://en.wikipedia.org/wiki/Permanence_(novel)
Q2364488,https://en.wikipedia.org/wiki/Permutation_City
Q48772056,https://en.wikipedia.org/wiki/Persepolis_Rising
Q742226,https://en.wikipedia.org/wiki/Pet_Sematary
Q99434216,https://en.wikipedia.org/wiki/Piranesi_(novel)
Q15033625,https://en.wikipedia.org/wiki/Planet_of_the_Damned
Q85793524,https://en.wikipedia.org/wiki/Planetfall_(novel)
Q7209119,https://en.wikipedia.org/wiki/Polaris_(novel)
Q19263901,https://en.wikipedia.org/wiki/Poseidon%27s_Wake
Q3400801,https://en.wikipedia.org/wiki/Powers_(novel)
Q783533,https://en.wikipedia.org/wiki/Prelude_to_Foundation
Q3089022,https://en.wikipedia.org/wiki/Prentice_Alvin
Q7246869,https://en.wikipedia.org/wiki/Probability_Moon
Q7246870,https://en.wikipedia.org/wiki/Probability_Sun
Q106852836,https://en.wikipedia.org/wiki/Project_Hail_Mary
Q10354447,https://en.wikipedia.org/wiki/Project_Pope
Q2391947,https://en.wikipedia.org/wiki/Protector_(novel)
Q43336631,https://en.wikipedia.org/wiki/Provenance_(novel)
Q90410035,https://en.wikipedia.org/wiki/Providence_(Barry_novel)
Q120122688,https://en.wikipedia.org/wiki/Purgatory_Mount
Q3063278,https://en.wikipedia.org/wiki/Pushing_Ice
Q3212201,https://en.wikipedia.org/wiki/Queen_of_Angels_(novel)
Q4398917,https://en.wikipedia.org/wiki/Quicksilver_(novel)
Q3417058,https://en.wikipedia.org/wiki/Radix_(novel)
Q16968168,https://en.wikipedia.org/wiki/Ragamuffin_(novel)
Q737910,https://en.wikipedia.org/wiki/Ragtime_(novel)
Q471679,https://en.wikipedia.org/wiki/Rainbows_End_(Vinge_novel)
Q2415562,https://en.wikipedia.org/wiki/Rama_II_(novel)
Q2283166,https://en.wikipedia.org/wiki/Rama_Revealed
Q7291925,https://en.wikipedia.org/wiki/Random_Acts_of_Senseless_Violence
Q3906523,https://en.wikipedia.org/wiki/Ready_Player_One
Q62698506,https://en.wikipedia.org/wiki/Record_of_a_Spaceborn_Few
Q60741201,https://en.wikipedia.org/wiki/Red_Moon_(novel)
Q3226029,https://en.wikipedia.org/wiki/Red_Prophet
Q18393778,https://en.wikipedia.org/wiki/Red_Rising
Q3202275,https://en.wikipedia.org/wiki/Redemption_Ark
Q7306263,https://en.wikipedia.org/wiki/Redshirts_(novel)
Q3424461,https://en.wikipedia.org/wiki/Remake_(novel)
Q3212608,https://en.wikipedia.org/wiki/Remnant_Population
Q741222,https://en.wikipedia.org/wiki/Rendezvous_with_Rama
Q1590481,https://en.wikipedia.org/wiki/Replay_(Grimwood_novel)
Q1759977,https://en.wikipedia.org/wiki/Revelation_Space
Q48796217,https://en.wikipedia.org/wiki/Revenger_(novel)
Q7332458,https://en.wikipedia.org/wiki/Riddley_Walker
Q7334502,https://en.wikipedia.org/wiki/Rimrunners
Q7334688,https://en.wikipedia.org/wiki/Ring_(Baxter_novel)
Q1505793,https://en.wikipedia.org/wiki/Ringworld
Q3433284,https://en.wikipedia.org/wiki/Rite_of_Passage_(novel)
Q7338006,https://en.wikipedia.org/wiki/River_of_Blue_Fire
Q5482407,https://en.wikipedia.org/wiki/River_of_Gods
Q7339610,https://en.wikipedia.org/wiki/Roadmarks
Q377230,https://en.wikipedia.org/wiki/Robots_and_Empire
Q15034210,https://en.wikipedia.org/wiki/Roderick_(novel)
Q96402429,https://en.wikipedia.org/wiki/Roderick_at_Random
Q3305686,https://en.wikipedia.org/wiki/Rogue_Moon
Q3940338,https://en.wikipedia.org/wiki/Rollback_(novel)
Q65643770,https://en.wikipedia.org/wiki/Rosewater_(Thompson_novel)
Q7378920,https://en.wikipedia.org/wiki/Rule_34_(novel)
Q4048595,https://en.wikipedia.org/wiki/Ruled_Britannia
Q4354234,https://en.wikipedia.org/wiki/SS-GB
Q3203920,https://en.wikipedia.org/wiki/Saint_Leibowitz_and_the_Wild_Horse_Woman
Q764902,https://en.wikipedia.org/wiki/Santiago:_a_Myth_of_the_Far_Future
Q7426767,https://en.wikipedia.org/wiki/Saturn%27s_Children_(novel)
Q131382913,https://en.wikipedia.org/wiki/Scale_(novel)
Q137536,https://en.wikipedia.org/wiki/Schild%27s_Ladder
Q1928866,https://en.wikipedia.org/wiki/Schismatrix
Q112274439,https://en.wikipedia.org/wiki/Sea_of_Tranquility_(novel)
Q4014872,https://en.wikipedia.org/wiki/Second_Ending
Q729783,https://en.wikipedia.org/wiki/Seeker_(McDevitt_novel)
Q85624939,https://en.wikipedia.org/wiki/Semiosis_(novel)
Q7455078,https://en.wikipedia.org/wiki/Serpent%27s_Reach
Q130553422,https://en.wikipedia.org/wiki/Service_Model
Q29649673,https://en.wikipedia.org/wiki/Seven_Surrenders
Q19902777,https://en.wikipedia.org/wiki/Seveneves
Q3142271,https://en.wikipedia.org/wiki/Seventh_Son_(novel)
Q2915295,https://en.wikipedia.org/wiki/Shadow_Puppets
Q2915291,https://en.wikipedia.org/wiki/Shadow_of_the_Giant
Q2915310,https://en.wikipedia.org/wiki/Shadow_of_the_Hegemon
Q7460739,https://en.wikipedia.org/wiki/Shadowland_(Straub_novel)
Q3481184,https://en.wikipedia.org/wiki/Shadrach_in_the_Furnace
Q19895754,https://en.wikipedia.org/wiki/Shaman_(novel)
Q3203368,https://en.wikipedia.org/wiki/Sharra%27s_Exile
Q109975974,https://en.wikipedia.org/wiki/She_Who_Became_the_Sun
Q3211069,https://en.wikipedia.org/wiki/Ship_of_Fools_(Russo_novel)
Q3006304,https://en.wikipedia.org/wiki/Singularity_Sky
Q127425112,https://en.wikipedia.org/wiki/Siren_Queen
Q7531074,https://en.wikipedia.org/wiki/Sister_Alice
Q54488341,https://en.wikipedia.org/wiki/Six_Wakes
Q17105829,https://en.wikipedia.org/wiki/Skin_Game_(novel)
Q15033660,https://en.wikipedia.org/wiki/Skylark_DuQuesne
Q265954,https://en.wikipedia.org/wiki/Slaughterhouse-Five
Q7539895,https://en.wikipedia.org/wiki/Sleeping_in_Flame
Q7539916,https://en.wikipedia.org/wiki/Sleepless_(novel)
Q2268557,https://en.wikipedia.org/wiki/Slow_River
Q768389,https://en.wikipedia.org/wiki/Snow_Crash
Q39053144,https://en.wikipedia.org/wiki/Soldier_of_Arete
Q7557345,https://en.wikipedia.org/wiki/Soldier_of_Sidon
Q3489256,https://en.wikipedia.org/wiki/Soldier_of_the_Mist
Q47004598,https://en.wikipedia.org/wiki/Solitaire_(novel)
Q123300220,https://en.wikipedia.org/wiki/Some_Desperate_Glory_(novel)
Q18162354,https://en.wikipedia.org/wiki/Some_Kind_of_Fairy_Tale
Q489581,https://en.wikipedia.org/wiki/Song_of_Kali
Q3234507,https://en.wikipedia.org/wiki/Songmaster
Q96406025,https://en.wikipedia.org/wiki/Songs_from_the_Stars
Q3236485,https://en.wikipedia.org/wiki/Souls_in_the_Great_Machine
Q15035008,https://en.wikipedia.org/wiki/Space_(Baxter_novel)
Q64485242,https://en.wikipedia.org/wiki/Space_Opera_(Valente_novel)
Q7572695,https://en.wikipedia.org/wiki/Spaceland_(novel)
Q2291295,https://en.wikipedia.org/wiki/Speaker_for_the_Dead
Q117062613,https://en.wikipedia.org/wiki/Spear_(Griffith_novel)
Q2301398,https://en.wikipedia.org/wiki/Spin_(novel)
Q56418944,https://en.wikipedia.org/wiki/Spinning_Silver
Q2319431,https://en.wikipedia.org/wiki/Spook_Country
Q42529627,https://en.wikipedia.org/wiki/Spoonbenders_(novel)
Q1416458,https://en.wikipedia.org/wiki/Stand_on_Zanzibar
Q7600780,https://en.wikipedia.org/wiki/Star_Light
Q97173155,https://en.wikipedia.org/wiki/Starburst_(novel)
Q7601555,https://en.wikipedia.org/wiki/Stardance
Q7601814,https://en.wikipedia.org/wiki/Starfarers
Q28452520,https://en.wikipedia.org/wiki/Starfire_(Paul_Preuss_novel)
Q126893369,https://en.wikipedia.org/wiki/Starling_House
Q3968388,https://en.wikipedia.org/wiki/Starquake_(novel)
Q7602353,https://en.wikipedia.org/wiki/Stars_in_My_Pocket_Like_Grains_of_Sand
Q492207,https://en.wikipedia.org/wiki/Starship_Troopers
Q123112174,https://en.wikipedia.org/wiki/Starter_Villain
Q2363504,https://en.wikipedia.org/wiki/Startide_Rising
Q20645702,https://en.wikipedia.org/wiki/Station_Eleven
Q20645702,https://en.wikipedia.org/wiki/Station_Eleven
Q3497490,https://en.wikipedia.org/wiki/Stations_of_the_Tide
Q3100824,https://en.wikipedia.org/wiki/Steel_Beach
Q929821,https://en.wikipedia.org/wiki/Stranger_in_a_Strange_Land
Q7621583,https://en.wikipedia.org/wiki/Strangers_(Dozois_novel)
Q7637515,https://en.wikipedia.org/wiki/Summer_of_Love_(novel)
Q7637680,https://en.wikipedia.org/wiki/Summertide
Q13512152,https://en.wikipedia.org/wiki/Sun_of_Suns
Q97279628,https://en.wikipedia.org/wiki/Superluminal_(novel)
Q302026,https://en.wikipedia.org/wiki/Surface_Detail
Q4359794,https://en.wikipedia.org/wiki/Swan_Song_(McCammon_novel)
Q18208339,https://en.wikipedia.org/wiki/Systemic_Shock_(book)
Q7679827,https://en.wikipedia.org/wiki/Talking_Man
Q860034,https://en.wikipedia.org/wiki/Tamsin_(novel)
Q1968531,https://en.wikipedia.org/wiki/Tau_Zero
Q7691141,https://en.wikipedia.org/wiki/Tea_with_the_Black_Dragon
Q2261855,https://en.wikipedia.org/wiki/Tehanu
Q106610620,https://en.wikipedia.org/wiki/Tender_Is_the_Flesh
Q7701574,https://en.wikipedia.org/wiki/Teranesia
Q7702704,https://en.wikipedia.org/wiki/Terminal_World
Q109284514,https://en.wikipedia.org/wiki/Termination_Shock_(novel)
Q15445391,https://en.wikipedia.org/wiki/Terraplane_(novel)
Q7703804,https://en.wikipedia.org/wiki/Territory_(novel)
Q7711877,https://en.wikipedia.org/wiki/The_37th_Mandala
Q937944,https://en.wikipedia.org/wiki/The_Accidental_Time_Machine
Q109942843,https://en.wikipedia.org/wiki/The_Actual_Star
Q122834958,https://en.wikipedia.org/wiki/The_Adventures_of_Amina_al-Sirafi
Q23763106,https://en.wikipedia.org/wiki/The_Aeronaut%27s_Windlass
Q3209114,https://en.wikipedia.org/wiki/The_Affirmation
Q901913,https://en.wikipedia.org/wiki/The_Algebraist
Q7713244,https://en.wikipedia.org/wiki/The_Alteration
Q129929,https://en.wikipedia.org/wiki/The_Amber_Spyglass
Q7713709,https://en.wikipedia.org/wiki/The_Android%27s_Dream
Q467017,https://en.wikipedia.org/wiki/The_Annals_of_the_Heechee
Q128324,https://en.wikipedia.org/wiki/The_Anubis_Gates
Q7714277,https://en.wikipedia.org/wiki/The_Armageddon_Rag
Q7714290,https://en.wikipedia.org/wiki/The_Armies_of_Memory
Q128800174,https://en.wikipedia.org/wiki/The_Arrest_(novel)
Q44391758,https://en.wikipedia.org/wiki/The_Arrows_of_Time
Q127613403,https://en.wikipedia.org/wiki/The_Bees_(novel)
Q129500814,https://en.wikipedia.org/wiki/The_Berlin_Project_(novel)
Q3209683,https://en.wikipedia.org/wiki/The_Big_Time_(novel)
Q13725678,https://en.wikipedia.org/wiki/The_Birthgrave
Q7718935,https://en.wikipedia.org/wiki/The_Boat_of_a_Million_Years
Q17512402,https://en.wikipedia.org/wiki/The_Bone_Clocks
Q131382891,https://en.wikipedia.org/wiki/The_Book_of_All_Skies
Q600821,https://en.wikipedia.org/wiki/The_Book_of_Dreams_(Vance_novel)
Q108325525,https://en.wikipedia.org/wiki/The_Book_of_Koli
Q108456731,https://en.wikipedia.org/wiki/The_Book_of_Phoenix
Q1132953,https://en.wikipedia.org/wiki/The_Book_of_Skulls
Q19868032,https://en.wikipedia.org/wiki/The_Book_of_Strange_New_Things
Q4423916,https://en.wikipedia.org/wiki/The_Broken_God
Q19363462,https://en.wikipedia.org/wiki/The_Buried_Giant
Q7720810,https://en.wikipedia.org/wiki/The_Butterfly_Kid
Q63965925,https://en.wikipedia.org/wiki/The_Calculating_Stars
Q3221351,https://en.wikipedia.org/wiki/The_Calcutta_Chromosome
Q3234516,https://en.wikipedia.org/wiki/The_Call_of_Earth
Q615035,https://en.wikipedia.org/wiki/The_Carpet_Makers
Q3221113,https://en.wikipedia.org/wiki/The_Cat_Who_Walks_Through_Walls
Q18205890,https://en.wikipedia.org/wiki/The_Causal_Angel
Q104856777,https://en.wikipedia.org/wiki/The_Ceremonies_(novel)
Q76548367,https://en.wikipedia.org/wiki/The_Changeling_(LaValle_novel)
Q7722439,https://en.wikipedia.org/wiki/The_Child_Garden
Q1031337,https://en.wikipedia.org/wiki/The_Children_Star
Q2947797,https://en.wikipedia.org/wiki/The_Children_of_the_Sky_(novel)
Q1099716,https://en.wikipedia.org/wiki/The_Chronoliths
Q3207442,https://en.wikipedia.org/wiki/The_Citadel_of_the_Autarch
Q3520291,https://en.wikipedia.org/wiki/The_City_%26_the_City
Q95075560,https://en.wikipedia.org/wiki/The_City_We_Became
Q96107494,https://en.wikipedia.org/wiki/The_City_in_the_Middle_of_the_Night
Q60787839,https://en.wikipedia.org/wiki/The_City_of_Brass_(novel)
Q23016715,"https://en.wikipedia.org/wiki/The_City,_Not_Long_After"
Q3066138,https://en.wikipedia.org/wiki/The_Clan_Corporate
Q3209610,https://en.wikipedia.org/wiki/The_Claw_of_the_Conciliator
Q44391460,https://en.wikipedia.org/wiki/The_Clockwork_Rocket
Q29344605,https://en.wikipedia.org/wiki/The_Collapsing_Empire
Q7726654,https://en.wikipedia.org/wiki/The_Collapsium
Q7726969,https://en.wikipedia.org/wiki/The_Coming_of_the_Quantum_Cats
Q3231611,https://en.wikipedia.org/wiki/The_Computer_Connection
Q4424499,https://en.wikipedia.org/wiki/The_Confusion
Q7727556,https://en.wikipedia.org/wiki/The_Cool_War
Q55635138,https://en.wikipedia.org/wiki/The_Core_of_the_Sun
Q21160953,https://en.wikipedia.org/wiki/The_Courier%27s_New_Bicycle
Q7728249,https://en.wikipedia.org/wiki/The_Crucible_of_Time
Q2665745,https://en.wikipedia.org/wiki/The_Curse_of_Chalion
Q7728783,https://en.wikipedia.org/wiki/The_Damnation_Game_(novel)
Q9355464,https://en.wikipedia.org/wiki/The_Dancers_of_Arun
Q7728917,https://en.wikipedia.org/wiki/The_Dark_Beyond_the_Stars
Q3063449,https://en.wikipedia.org/wiki/The_Dark_Design
Q607276,https://en.wikipedia.org/wiki/The_Dark_Forest
Q122425698,https://en.wikipedia.org/wiki/The_Daughter_of_Doctor_Moreau
Q466790,https://en.wikipedia.org/wiki/The_Dead_Zone_(novel)
Q2350387,https://en.wikipedia.org/wiki/The_Demolished_Man
Q1706316,https://en.wikipedia.org/wiki/The_Dervish_House
Q7729791,https://en.wikipedia.org/wiki/The_Descent_of_Anansi
Q543562,https://en.wikipedia.org/wiki/The_Diamond_Age
Q466103,https://en.wikipedia.org/wiki/The_Difference_Engine
Q467720,https://en.wikipedia.org/wiki/The_Dispossessed
Q1189364,https://en.wikipedia.org/wiki/The_Divine_Invasion
Q3231919,https://en.wikipedia.org/wiki/The_Dolphins_of_Pern
Q2527160,https://en.wikipedia.org/wiki/The_Dosadi_Experiment
Q7730855,https://en.wikipedia.org/wiki/The_Dragon_Waiting
Q1448428,https://en.wikipedia.org/wiki/The_Dragon_and_the_George
Q16954516,https://en.wikipedia.org/wiki/The_Drowning_Girl
Q116257350,https://en.wikipedia.org/wiki/The_Echo_Wife
Q2441281,https://en.wikipedia.org/wiki/The_Einstein_Intersection
Q20058615,https://en.wikipedia.org/wiki/The_End_of_All_Things_(novel)
Q466196,https://en.wikipedia.org/wiki/The_End_of_Eternity
Q18208798,https://en.wikipedia.org/wiki/The_Enemy_Stars
Q7732219,https://en.wikipedia.org/wiki/The_Engines_of_God
Q3896637,https://en.wikipedia.org/wiki/The_Escape_Orbit
Q12737230,https://en.wikipedia.org/wiki/The_Etched_City
Q44391610,https://en.wikipedia.org/wiki/The_Eternal_Flame_(novel)
Q7732767,https://en.wikipedia.org/wiki/The_Execution_Channel
Q7732903,https://en.wikipedia.org/wiki/The_Extremes
Q1605815,https://en.wikipedia.org/wiki/The_Eyre_Affair
Q3228178,https://en.wikipedia.org/wiki/The_Face_(Vance_novel)
Q20167456,https://en.wikipedia.org/wiki/The_Facts_of_Life_(Joyce_novel)
Q2362526,https://en.wikipedia.org/wiki/The_Fall_of_Hyperion_(novel)
Q2749482,https://en.wikipedia.org/wiki/The_Falling_Woman
Q7733416,https://en.wikipedia.org/wiki/The_Far_Shore_of_Time
Q3202654,https://en.wikipedia.org/wiki/The_Female_Man
Q25217632,https://en.wikipedia.org/wiki/The_Fifth_Season_(novel)
Q24037175,https://en.wikipedia.org/wiki/The_First_Fifteen_Lives_of_Harry_August
Q3213211,https://en.wikipedia.org/wiki/The_Forbidden_Tower
Q104871743,https://en.wikipedia.org/wiki/The_Forever_Man
Q5406934,https://en.wikipedia.org/wiki/The_Forever_War
Q7734817,https://en.wikipedia.org/wiki/The_Forge_of_God
Q7734828,https://en.wikipedia.org/wiki/The_Forgotten_Beasts_of_Eld
Q786025,https://en.wikipedia.org/wiki/The_Fountains_of_Paradise
Q7735081,https://en.wikipedia.org/wiki/The_Fourth_Wall_(novel)
Q11859870,https://en.wikipedia.org/wiki/The_Fractal_Prince
Q65049447,https://en.wikipedia.org/wiki/The_Fresco
Q100330025,https://en.wikipedia.org/wiki/The_Future_of_Another_Timeline
Q106259289,"https://en.wikipedia.org/wiki/The_Galaxy,_and_the_Ground_Within"
Q7735778,https://en.wikipedia.org/wiki/The_Ganymede_Club
Q1219119,https://en.wikipedia.org/wiki/The_Garden_of_Rama
Q11888750,https://en.wikipedia.org/wiki/The_Gate_to_Women%27s_Country
Q3773220,https://en.wikipedia.org/wiki/The_Genocides
Q7736268,https://en.wikipedia.org/wiki/The_Ghost_Brigades
Q3222682,https://en.wikipedia.org/wiki/The_Ghost_from_the_Grand_Banks
Q3223113,https://en.wikipedia.org/wiki/The_Glamour_(novel)
Q19364463,https://en.wikipedia.org/wiki/The_Goblin_Emperor
Q2492513,https://en.wikipedia.org/wiki/The_Goblin_Reservation
Q389750,https://en.wikipedia.org/wiki/The_Gods_Themselves
Q7736949,https://en.wikipedia.org/wiki/The_Godwhale
Q3227494,https://en.wikipedia.org/wiki/The_Golden_Globe
Q7737067,https://en.wikipedia.org/wiki/The_Golden_Key_(novel)
Q16994283,https://en.wikipedia.org/wiki/The_Golem_and_the_Jinni
Q1168659,https://en.wikipedia.org/wiki/The_Graveyard_Book
Q7738320,https://en.wikipedia.org/wiki/The_Gripping_Hand
Q3140584,https://en.wikipedia.org/wiki/The_Hammer_of_God_(Clarke_novel)
Q1541914,https://en.wikipedia.org/wiki/The_Handmaid%27s_Tale
Q3521228,https://en.wikipedia.org/wiki/The_Healer%27s_War
Q7739431,https://en.wikipedia.org/wiki/The_Hercules_Text
Q3203913,https://en.wikipedia.org/wiki/The_Heritage_of_Hastur
Q2560269,https://en.wikipedia.org/wiki/The_High_Crusade
Q1171420,https://en.wikipedia.org/wiki/The_Hollow_Man_(Simmons_novel)
Q3231338,https://en.wikipedia.org/wiki/The_Hundred_Thousand_Kingdoms
Q7741197,https://en.wikipedia.org/wiki/The_Hydrogen_Sonata
Q3521397,https://en.wikipedia.org/wiki/The_Integral_Trees
Q1623320,https://en.wikipedia.org/wiki/Inverted_World
Q3822355,https://en.wikipedia.org/wiki/The_Iron_Dragon%27s_Daughter
Q1199660,https://en.wikipedia.org/wiki/The_Iron_Dream
Q7742712,https://en.wikipedia.org/wiki/The_Islanders_(Priest_novel)
Q3204648,https://en.wikipedia.org/wiki/The_Jagged_Orbit
Q111169273,https://en.wikipedia.org/wiki/The_Jasmine_Throne
Q111948867,https://en.wikipedia.org/wiki/The_Kaiju_Preservation_Society
Q7744372,https://en.wikipedia.org/wiki/The_Killing_Moon_(novel)
Q7744376,https://en.wikipedia.org/wiki/The_Killing_Star
Q7744389,https://en.wikipedia.org/wiki/The_Killing_of_Worlds
Q21953042,https://en.wikipedia.org/wiki/The_Kingdom_of_Gods
Q16954703,https://en.wikipedia.org/wiki/The_Knight_(novel)
Q19893647,https://en.wikipedia.org/wiki/The_Land_Across
Q7745634,https://en.wikipedia.org/wiki/The_Last_Colony
Q96409420,https://en.wikipedia.org/wiki/The_Last_Emperox
Q7745810,https://en.wikipedia.org/wiki/The_Last_Hawk
Q7745946,https://en.wikipedia.org/wiki/The_Last_Policeman
Q28453182,https://en.wikipedia.org/wiki/The_Last_President_(novel)
Q16932120,https://en.wikipedia.org/wiki/The_Last_Witchfinder
Q132062,https://en.wikipedia.org/wiki/The_Lathe_of_Heaven
Q2008211,https://en.wikipedia.org/wiki/The_Left_Hand_of_Darkness
Q589959,https://en.wikipedia.org/wiki/The_Legacy_of_Heorot
Q1608505,https://en.wikipedia.org/wiki/The_Lies_of_Locke_Lamora
Q7747225,https://en.wikipedia.org/wiki/The_Life_of_the_World_to_Come
Q12057749,https://en.wikipedia.org/wiki/The_Light_Ages
Q62113879,https://en.wikipedia.org/wiki/The_Light_Brigade_(novel)
Q7747410,https://en.wikipedia.org/wiki/The_Line_of_Polity
Q7747544,https://en.wikipedia.org/wiki/The_Listeners_(novel)
Q7748273,https://en.wikipedia.org/wiki/The_Long_Tomorrow_(novel)
Q3063803,https://en.wikipedia.org/wiki/The_Magic_Labyrinth
Q3203833,https://en.wikipedia.org/wiki/The_Man_Who_Folded_Himself
Q749783,https://en.wikipedia.org/wiki/The_Man_in_the_High_Castle
Q3231715,https://en.wikipedia.org/wiki/The_Many-Colored_Land
Q7750537,https://en.wikipedia.org/wiki/The_Masks_of_Time
Q29830993,https://en.wikipedia.org/wiki/The_Massacre_of_Mankind
Q54488359,https://en.wikipedia.org/wiki/The_Medusa_Chronicles
Q85721227,https://en.wikipedia.org/wiki/The_Memory_Police
Q3234544,https://en.wikipedia.org/wiki/The_Memory_of_Earth
Q7750979,https://en.wikipedia.org/wiki/The_Memory_of_Whiteness
Q7751049,https://en.wikipedia.org/wiki/The_Merchants_of_Souls
Q85807897,https://en.wikipedia.org/wiki/The_Mere_Wife
Q102036201,https://en.wikipedia.org/wiki/The_Ministry_for_the_Future
Q7751615,https://en.wikipedia.org/wiki/The_Miocene_Arrow
Q2344912,https://en.wikipedia.org/wiki/The_Mist_(novella)
Q7752150,https://en.wikipedia.org/wiki/The_Moon_Goddess_and_the_Son
Q1410482,https://en.wikipedia.org/wiki/The_Moon_Is_a_Harsh_Mistress
Q39049663,https://en.wikipedia.org/wiki/The_Moon_and_the_Other
Q3210153,https://en.wikipedia.org/wiki/The_Moon_and_the_Sun
Q1190888,https://en.wikipedia.org/wiki/The_Mote_in_God%27s_Eye
Q7752464,https://en.wikipedia.org/wiki/The_Mount_(novel)
Q3222317,https://en.wikipedia.org/wiki/The_Naked_God
Q7753234,https://en.wikipedia.org/wiki/The_Native_Star
Q7754103,https://en.wikipedia.org/wiki/The_Night_Sessions
Q2703133,https://en.wikipedia.org/wiki/The_Number_of_the_Beast_(novel)
Q30337352,https://en.wikipedia.org/wiki/The_Obelisk_Gate
Q14548336,https://en.wikipedia.org/wiki/The_Ocean_at_the_End_of_the_Lane
Q7755109,https://en.wikipedia.org/wiki/The_Onion_Girl
Q102079264,https://en.wikipedia.org/wiki/The_Only_Good_Indians
Q3220787,https://en.wikipedia.org/wiki/The_Ophiuchi_Hotline
Q85808079,https://en.wikipedia.org/wiki/The_Other_End_of_Time
Q717326,https://en.wikipedia.org/wiki/The_Other_Wind
Q56277009,https://en.wikipedia.org/wiki/The_Overstory
Q1199882,https://en.wikipedia.org/wiki/The_Passage_(Cronin_novel)
Q4779520,https://en.wikipedia.org/wiki/The_Peace_War
Q3225561,https://en.wikipedia.org/wiki/The_People_of_the_Wind
Q7756730,https://en.wikipedia.org/wiki/The_Peripheral
Q18393643,https://en.wikipedia.org/wiki/The_Pirates_of_Zan
Q467139,https://en.wikipedia.org/wiki/The_Player_of_Games
Q1758811,https://en.wikipedia.org/wiki/The_Plot_Against_America
Q56491386,https://en.wikipedia.org/wiki/The_Poppy_War
Q467225,https://en.wikipedia.org/wiki/The_Postman
Q7757993,https://en.wikipedia.org/wiki/The_Practice_Effect
Q7758016,https://en.wikipedia.org/wiki/The_Praxis
Q3522305,https://en.wikipedia.org/wiki/The_Prefect
Q944991,https://en.wikipedia.org/wiki/The_Prestige
Q57272114,https://en.wikipedia.org/wiki/The_Pride_of_Chanur
Q18209955,https://en.wikipedia.org/wiki/The_Privilege_of_the_Sword
Q7758618,https://en.wikipedia.org/wiki/The_Proteus_Operation
Q3412968,https://en.wikipedia.org/wiki/The_Quantum_Rose
Q6303649,https://en.wikipedia.org/wiki/The_Quantum_Thief
Q7759106,https://en.wikipedia.org/wiki/The_Quiet_War
Q105044098,https://en.wikipedia.org/wiki/The_Race_(Allan_novel)
Q23712215,https://en.wikipedia.org/wiki/The_Ragged_Astronauts
Q7759446,https://en.wikipedia.org/wiki/The_Rapture_of_the_Nerds
Q69566723,https://en.wikipedia.org/wiki/The_Raven_Tower
Q3453308,https://en.wikipedia.org/wiki/The_Reality_Dysfunction
Q131466690,https://en.wikipedia.org/wiki/The_Reformatory
Q111913950,https://en.wikipedia.org/wiki/The_Relentless_Moon
Q4340237,https://en.wikipedia.org/wiki/The_Renegades_of_Pern
Q48817743,https://en.wikipedia.org/wiki/The_Rift_(Allan_novel)
Q3818561,https://en.wikipedia.org/wiki/The_Ring_of_Charon
Q2738255,https://en.wikipedia.org/wiki/The_Ringworld_Engineers
Q2295267,https://en.wikipedia.org/wiki/The_Ringworld_Throne
Q2521688,https://en.wikipedia.org/wiki/The_Rise_of_Endymion
Q7760903,https://en.wikipedia.org/wiki/The_Risen_Empire
Q1140295,https://en.wikipedia.org/wiki/The_Road
Q440784,https://en.wikipedia.org/wiki/The_Robots_of_Dawn
Q119774478,https://en.wikipedia.org/wiki/The_Rosewater_Insurrection
Q120569227,https://en.wikipedia.org/wiki/The_Rosewater_Redemption
Q7761643,https://en.wikipedia.org/wiki/The_Rowan
Q3224982,https://en.wikipedia.org/wiki/The_Sailor_on_the_Seas_of_Fate
Q125198708,https://en.wikipedia.org/wiki/The_Saint_of_Bright_Doors
Q7762126,https://en.wikipedia.org/wiki/The_Salt_Roads
Q602216,https://en.wikipedia.org/wiki/The_Scar_(novel)
Q11931779,https://en.wikipedia.org/wiki/The_Sea_and_Summer
Q3213011,https://en.wikipedia.org/wiki/The_Separation_(Priest_novel)
Q21520132,https://en.wikipedia.org/wiki/The_Shadow_Year
Q1150125,https://en.wikipedia.org/wiki/The_Shadow_of_the_Torturer
Q3227879,https://en.wikipedia.org/wiki/The_Sheep_Look_Up
Q897685,https://en.wikipedia.org/wiki/The_Silence_of_the_Lambs_(novel)
Q2294155,https://en.wikipedia.org/wiki/The_Sirens_of_Titan
Q7764704,https://en.wikipedia.org/wiki/The_Sky_So_Big_and_Black
Q7764931,https://en.wikipedia.org/wiki/The_Smoke_Ring_(novel)
Q782075,https://en.wikipedia.org/wiki/The_Snow_Queen_(Vinge_novel)
Q15032905,https://en.wikipedia.org/wiki/The_Solitudes_(novel)
Q472368,https://en.wikipedia.org/wiki/The_Songs_of_Distant_Earth
Q7765299,https://en.wikipedia.org/wiki/The_Sons_of_Heaven
Q122166736,https://en.wikipedia.org/wiki/The_Spare_Man
Q3224638,https://en.wikipedia.org/wiki/The_Sparrow_(novel)
Q3120527,https://en.wikipedia.org/wiki/Speed_of_Dark
Q3214259,https://en.wikipedia.org/wiki/The_Squares_of_the_City
Q149552,https://en.wikipedia.org/wiki/The_Stand
Q4189821,https://en.wikipedia.org/wiki/The_Star_Fox
Q39058554,https://en.wikipedia.org/wiki/The_Stone_Sky
Q100324066,https://en.wikipedia.org/wiki/The_Strange_Case_of_the_Alchemist%27s_Daughter
Q151550,https://en.wikipedia.org/wiki/The_Stress_of_Her_Regard
Q3212198,https://en.wikipedia.org/wiki/The_Summer_Queen
Q3522940,https://en.wikipedia.org/wiki/The_Sword_of_Aldones
Q3205411,https://en.wikipedia.org/wiki/The_Sword_of_the_Lictor
Q7767840,https://en.wikipedia.org/wiki/The_System_of_the_World_(novel)
Q133842917,https://en.wikipedia.org/wiki/The_Tainted_Cup
Q462454,https://en.wikipedia.org/wiki/The_Talisman_(King_and_Straub_novel)
Q2623688,https://en.wikipedia.org/wiki/The_Telling
Q93552114,https://en.wikipedia.org/wiki/The_Ten_Thousand_Doors_of_January
Q3062494,https://en.wikipedia.org/wiki/The_Terminal_Experiment
Q116814638,https://en.wikipedia.org/wiki/The_Terraformers
Q60786692,https://en.wikipedia.org/wiki/The_Testaments
Q1193211,https://en.wikipedia.org/wiki/The_Three_Stigmata_of_Palmer_Eldritch
Q607112,https://en.wikipedia.org/wiki/The_Three-Body_Problem_(novel)
Q2531100,https://en.wikipedia.org/wiki/The_Time_Ships
Q1212645,https://en.wikipedia.org/wiki/The_Time_Traveler%27s_Wife
Q471142,https://en.wikipedia.org/wiki/The_Tommyknockers
Q277911,https://en.wikipedia.org/wiki/The_Tower_at_Stony_Wood
Q124022063,https://en.wikipedia.org/wiki/The_Tranquillity_Alternative
Q1138582,https://en.wikipedia.org/wiki/The_Transmigration_of_Timothy_Archer
Q7770233,https://en.wikipedia.org/wiki/The_Trinity_Paradox
Q110892568,https://en.wikipedia.org/wiki/The_Unbroken
Q104861807,https://en.wikipedia.org/wiki/The_Unconquered_Country:_A_Life_History
Q27957817,https://en.wikipedia.org/wiki/The_Underground_Railroad_(novel)
Q7771659,https://en.wikipedia.org/wiki/The_Unlimited_Dream_Company
Q2502176,https://en.wikipedia.org/wiki/The_Uplift_War
Q3225052,https://en.wikipedia.org/wiki/The_Urth_of_the_New_Sun
Q1193680,https://en.wikipedia.org/wiki/The_Vampire_Lestat
Q3549108,https://en.wikipedia.org/wiki/The_Vampire_Tapestry
Q3627649,https://en.wikipedia.org/wiki/The_Void_Captain%27s_Tale
Q3655248,https://en.wikipedia.org/wiki/The_Vor_Game
Q3227984,https://en.wikipedia.org/wiki/The_Wanderer_(Leiber_novel)
Q17030695,https://en.wikipedia.org/wiki/The_War_Hound_and_the_World%27s_Pain
Q676256,https://en.wikipedia.org/wiki/The_Warrior%27s_Apprentice
Q20720831,https://en.wikipedia.org/wiki/The_Water_Knife
Q55635626,https://en.wikipedia.org/wiki/The_Web_Between_the_Worlds
Q3548969,https://en.wikipedia.org/wiki/The_Well_of_Stars
Q3222431,https://en.wikipedia.org/wiki/The_White_Dragon_(novel)
Q2741407,https://en.wikipedia.org/wiki/The_White_Plague
Q3795985,https://en.wikipedia.org/wiki/The_Whole_Man
Q21558225,https://en.wikipedia.org/wiki/The_Wild_Shore
Q92630,https://en.wikipedia.org/wiki/The_Windup_Girl
Q3235592,https://en.wikipedia.org/wiki/The_Witches_of_Karres
Q16944365,https://en.wikipedia.org/wiki/The_Wooden_Sea
Q7775941,https://en.wikipedia.org/wiki/The_World_Before_(novel)
Q7776103,https://en.wikipedia.org/wiki/The_World_at_the_End_of_Time
Q4352956,https://en.wikipedia.org/wiki/The_Year_of_the_Flood
Q3202109,https://en.wikipedia.org/wiki/The_Year_of_the_Quiet_Sun
Q963586,https://en.wikipedia.org/wiki/The_Years_of_Rice_and_Salt
Q5980640,https://en.wikipedia.org/wiki/The_Years_of_the_City
Q603645,https://en.wikipedia.org/wiki/The_Yiddish_Policemen%27s_Union
Q7776864,https://en.wikipedia.org/wiki/The_Zenith_Angle
Q15034311,https://en.wikipedia.org/wiki/Them_Bones_(novel)
Q1760447,https://en.wikipedia.org/wiki/Thendara_House
Q107681820,https://en.wikipedia.org/wiki/Theory_of_Bastards
Q4313991,https://en.wikipedia.org/wiki/There_Will_Be_Time
Q3523959,https://en.wikipedia.org/wiki/They%27d_Rather_Be_Right
Q2567510,https://en.wikipedia.org/wiki/This_Immortal
Q7785919,https://en.wikipedia.org/wiki/This_Is_Not_a_Game
Q104841827,https://en.wikipedia.org/wiki/This_Is_the_Way_the_World_Ends_(novel)
Q3525731,https://en.wikipedia.org/wiki/Thomas_the_Rhymer_(novel)
Q3548730,https://en.wikipedia.org/wiki/Thorns_(novel)
Q7798123,https://en.wikipedia.org/wiki/Thrice_Upon_a_Time
Q15033305,https://en.wikipedia.org/wiki/Throne_of_the_Crescent_Moon
Q3054135,https://en.wikipedia.org/wiki/Tigana
Q3939312,https://en.wikipedia.org/wiki/Tik-Tok_(novel)
Q74378,https://en.wikipedia.org/wiki/Time_(novel)
Q2274025,https://en.wikipedia.org/wiki/Time_Enough_for_Love
Q1032182,https://en.wikipedia.org/wiki/Time_Is_the_Simplest_Thing
Q7805574,https://en.wikipedia.org/wiki/Timelike_Infinity
Q2894715,https://en.wikipedia.org/wiki/Timescape
Q779016,https://en.wikipedia.org/wiki/Titan_(Baxter_novel)
Q4354440,https://en.wikipedia.org/wiki/Titan_(Varley_novel)
Q7810889,https://en.wikipedia.org/wiki/To_Crush_the_Moon
Q2870228,https://en.wikipedia.org/wiki/To_Sail_Beyond_the_Sunset
Q2719299,https://en.wikipedia.org/wiki/To_Say_Nothing_of_the_Dog
Q2502043,https://en.wikipedia.org/wiki/To_Your_Scattered_Bodies_Go
Q7820291,https://en.wikipedia.org/wiki/Tomorrow_and_Tomorrow_(novel)
Q29649659,https://en.wikipedia.org/wiki/Too_Like_the_Lightning
Q3535592,https://en.wikipedia.org/wiki/Too_Many_Magicians
Q1645333,https://en.wikipedia.org/wiki/Tower_of_Glass
Q20875896,https://en.wikipedia.org/wiki/Towing_Jehovah
Q83431075,https://en.wikipedia.org/wiki/Trail_of_Lightning
Q7833847,https://en.wikipedia.org/wiki/Transcendent_(novel)
Q96410644,https://en.wikipedia.org/wiki/Transfigurations_(novel)
Q3997517,https://en.wikipedia.org/wiki/Transition_(novel)
Q120482895,https://en.wikipedia.org/wiki/Translation_State
Q7843661,https://en.wikipedia.org/wiki/Tripoint_(novel)
Q7844314,https://en.wikipedia.org/wiki/Triton_(novel)
Q117389230,https://en.wikipedia.org/wiki/Trouble_the_Saints
Q3224088,https://en.wikipedia.org/wiki/Two_to_Conquer
Q7883104,https://en.wikipedia.org/wiki/Under_Heaven_(novel)
Q435722,https://en.wikipedia.org/wiki/Under_the_Dome_(novel)
Q26158032,https://en.wikipedia.org/wiki/Underground_Airlines
Q3235720,https://en.wikipedia.org/wiki/Up_the_Line
Q20992497,https://en.wikipedia.org/wiki/Uprooted_(novel)
Q7908040,https://en.wikipedia.org/wiki/Vacuum_Flowers
Q3553617,https://en.wikipedia.org/wiki/Valentine_Pontifex
Q1320318,https://en.wikipedia.org/wiki/Valis_(novel)
Q7916983,https://en.wikipedia.org/wiki/Vast_(novel)
Q7919226,https://en.wikipedia.org/wiki/Vellum_(novel)
Q7920028,https://en.wikipedia.org/wiki/Veniss_Underground
Q7920454,https://en.wikipedia.org/wiki/Ventus_(novel)
Q429159,https://en.wikipedia.org/wiki/Venus_Plus_X
Q122452531,https://en.wikipedia.org/wiki/Vergil_in_Averno
Q897105,https://en.wikipedia.org/wiki/Virtual_Light
Q7936915,https://en.wikipedia.org/wiki/Vitals_(novel)
Q7939592,https://en.wikipedia.org/wiki/Voice_of_the_Whirlwind
Q3563140,https://en.wikipedia.org/wiki/Vortex_(Wilson_novel)
Q3563298,https://en.wikipedia.org/wiki/Voyage_(novel)
Q7960897,https://en.wikipedia.org/wiki/Wake_(Sawyer_novel)
Q7960989,https://en.wikipedia.org/wiki/Wake_Up_and_Dream_(novel)
Q7961182,https://en.wikipedia.org/wiki/Waking_the_Moon
Q30068660,https://en.wikipedia.org/wiki/Walkaway_(Doctorow_novel)
Q7962593,https://en.wikipedia.org/wiki/Wall_Around_a_Star
Q96650197,https://en.wikipedia.org/wiki/Wanderers_(novel)
Q41663473,https://en.wikipedia.org/wiki/War_Dogs_(novel)
Q16238544,https://en.wikipedia.org/wiki/Was_(novel)
Q19355880,https://en.wikipedia.org/wiki/Watchtower_(novel)
Q427110,https://en.wikipedia.org/wiki/Way_Station_(novel)
Q19364487,https://en.wikipedia.org/wiki/We_Are_All_Completely_Beside_Ourselves
Q7978347,https://en.wikipedia.org/wiki/Weaver_(Baxter_novel)
Q1446005,https://en.wikipedia.org/wiki/Weaveworld
Q104856775,"https://en.wikipedia.org/wiki/Welcome,_Chaos"
Q3497225,https://en.wikipedia.org/wiki/West_of_Eden
Q7990197,https://en.wikipedia.org/wiki/Wetware_(novel)
Q3115799,https://en.wikipedia.org/wiki/When_Gravity_Fails
Q4226027,https://en.wikipedia.org/wiki/When_HARLIE_Was_One
Q3135306,https://en.wikipedia.org/wiki/Where_Late_the_Sweet_Birds_Sang
Q17071479,https://en.wikipedia.org/wiki/Who_Fears_Death
Q3414362,https://en.wikipedia.org/wiki/Who%3F_(novel)
Q8000801,https://en.wikipedia.org/wiki/Wild_Seed_(novel)
Q3235534,https://en.wikipedia.org/wiki/Windhaven
Q4020470,https://en.wikipedia.org/wiki/Winter_Rose_(novel)
Q8026488,https://en.wikipedia.org/wiki/Wintermind
Q124435017,https://en.wikipedia.org/wiki/Witch_King_(novel)
Q3202276,https://en.wikipedia.org/wiki/Witch_World_(novel)
Q73550637,https://en.wikipedia.org/wiki/Witchmark
Q3491166,https://en.wikipedia.org/wiki/Wizard_(novel)
Q107259794,https://en.wikipedia.org/wiki/Worlds_(novel)
Q107259782,https://en.wikipedia.org/wiki/Worlds_Apart_(novel)
Q3800868,https://en.wikipedia.org/wiki/Worldwar:_In_the_Balance
Q17040582,https://en.wikipedia.org/wiki/Worldwar:_Tilting_the_Balance
Q2915294,https://en.wikipedia.org/wiki/Xenocide
Q109591793,https://en.wikipedia.org/wiki/You_Sexy_Thing_(book)
Q8059676,https://en.wikipedia.org/wiki/Ysabel
Q8069036,https://en.wikipedia.org/wiki/Zendegi
Q2377147,https://en.wikipedia.org/wiki/Zero_History
Q8073247,https://en.wikipedia.org/wiki/Zoe%27s_Tale
Q17066538,https://en.wikipedia.org/wiki/Zone_One
Q622647,https://en.wikipedia.org/wiki/Zoo_City
